num_ap;sim_head;onglet_facturation_id;blacklist_c2c;identifiant_designation
000113;786492553;7;2;BAEAUBABMERCH
000145;786492192;7;2;LABOBIO24MERCH
000189;782993838;2;1;CNL
000549;786492172;7;2;INSPASTEURMERCH
000593;782972685;13;2;RESTOKIKITRAITE
000600;782972693;13;2;RESTOLAGONDOLE
000634;782972764;7;2;4VENTHM
000744;786442254;7;2;HOBALLAHMERCH
000768;782993974;7;2;OPTIVISION
000909;782972649;13;2;RESTOCARREFOUR
000910;782972698;13;2;RESTOCHEZMOUSSO
000911;782972778;13;2;RESTODUCENTRE
134051;784898388;5;1;OBELIXSDE
984;784898389;5;1;OBELIX SENELEC
984;SNLAD;5;1;SNLAD
1034;784898390;5;1;FACTURIER
1142;782993977;14;2;FINSPAMR
1237;784894791;7;2;LPSSENEGALMERCH
100064;772553069;7;2;CASINOMRD
100212;782972694;13;2;RESTORCHEZLOUCH
100407;782972708;13;2;RESTOGIETRIOTRA
100847;782972668;13;2;RESTOSVTRAITEUR
100994;786492295;7;2;MGAYEMERCH
101665;782998340;7;2;AXAASSURMR
101802;786484609;7;2;SAARVIESENMERCH
101987;782996469;14;2;LAMARQMR
102486;786492803;7;2;SBSMERCH
102816;786484618;7;2;YOUHEADOFFMERCH
103027;782974815;13;2;RESTOMICSASSINE
103534;786400998;7;2;PHARMAPNAMERCH
104125;786403900;7;2;PHARMGUEDIAMERCH
104883;786484651;7;2;MODOUDIOPMERCH
104982;782976575;13;2;RESTOLINDORS
105376;784898426;7;1;ORANENGHEA
106405;782998228;7;2;ETSOWMAMADMERCH
106716;778751509;13;2;RESTOSAVEURDASI
107918;781990021;7;1;BRIOCHEMER
108203;782972702;13;2;RESTOLEBALAJO
108458;782980332;14;2;GALETTEMR
108766;782972706;13;2;RESTOLETHIOF 
108827;782972651;13;2;RESTOLESAMBSADE
109485;782996486;7;2;OLYMPIQUCH
109727;784894552;13;2;RESTOLEPOINTE
109964;782972657;13;2;RESTOLADUCHESSE
110887;782972748;13;2;RESTOKEURJARAAF
111019;782972630;13;2;RESTOBOUDEMEDIN
111284;782974832;13;2;RESTOKISAKALA
111324;784898391;5;1; FACTURIER  
111719;786492500;7;2;DKRCOEURMERCH
112842;784894779;7;2;EXPATDKRMERCH
114612;786442212;7;1;GLOBPRISOLMERCH
115227;782972672;13;2;RESTOCAPASIE
116042;SAMAP;5;1;SAMAP
116074;782972746;13;2;RESTOKBRUNCH
116309;781990003;7;1;SENACCAT
116743;786442423;7;2;SOARTKOMMERCH
116801;786401301;7;2;CFAOMOTORSPAINTER
116801;786404748;7;2;CFAOMOTORSMERCH
116807;786492566;13;2;RESTOTMSSERSARL
117226;786492661;7;2;PHARKENEYAMERCH
117653;782972609;13;2;RESTOLGM
117986;782972754;13;2;RESTOSAMRSTORAN
118317;782974900;13;2;RESTOLADOUMA
118437;782972760;13;2;RESTOCRSANMAGIQ
118438;782972724;13;2;RESTOLAROSA
118439;782972727;13;2;RESTOGALAXIE
118442;782972600;13;2;RESTOPALMERAIE
118443;782972719;13;2;RESTONICEBURGER
118672;784894709;7;2;ALLIANZASSMERCH
118774;782974831;7;2;EDKMARCHMR
118775;782974894;14;2;RESTOBAZOFSARL
118777;782976506;7;2;KHEWEULMR
118779;782974810;7;2;SUNCARDMR
118783;782974829;13;2;RESTOXLRESTORAT
118784;782974820;13;2;RESTOPLANETKBAB
118785;782972784;13;2;RESTOMBELANE
118792;782972774;13;2;RESTONONGOPRODU
118824;786404706;7;2;SOMBIMERCH
118854;786442174;7;1;DIGITALVIRGOPIN
118856;786404701;7;1;KIWISARLPINMERCH
118878;782976528;7;2;MMARKETMR
118879;782974899;13;2;RESTONOSOPAL
118906;778751093;7;2;CAURIXMR
118931;786442455;7;1;WINAFRIQUEMERCH
119020;782978666;7;2;LAVPROMER
119633;782993970;13;2;RESTONIVTRADING 
120002;786484615;7;2;BOKIMMOBIMERCH
120046;782980502;13;2;RESTOLEMACINAT
120051;782993968;13;2;RESTFRANCHSINC
120052;782993900;7;2;CADOCHICMR
120053;782993972;13;2;RESTORETOBURO
120060;782993953;7;1;EXCLUSIVMR
120131;786492094;7;2;LISCAMERCH
120239;782993980;13;2;RESTOLAMIEFINE
120242;782990873;13;2;RESTORODRASCE
120244;782990877;13;2;RESTOATABAIDARA
120245;782990879;13;2;RESTOLAPAYSANNE
120247;786492800;13;2;RESTHERITAGEMER
120285;782980500;13;2;RESTOKERMAMDIAR
120306;782993959;13;2;RESTODISMINMACO
120464;782980594;13;2;RESTOFEELJUICE
120475;782996457;7;2;PANGOOSMR
120477;782996461;7;2;SAMAMBEYME
120478;782996465;7;2;PARISDKMR
120557;782980196;13;2;RESTOMIMS
120609;782996500;2;1;CANALMR
120655;786401063;7;1;INTERNET
120655;786404747;7;1;HALIFATCABMBACKEDON
120705;782980506;13;2;RESTOKEDJIHOUSE
120748;782998102;7;2;SEEAFRIKAM
120749;782996442;13;2;RESTOMAIMCHTALL 
120755;784894607;7;2;DABASENEGAL
120825;784894571;13;2;RESTOABDAJANUIN
120826;782996440;13;2;RESTOELIASAIDAR 
120827;782996436;13;2;RESTOMOMARSAMB 
120829;784894557;7;2;MARIAMAMR
120832;784894599;7;2;FAMILYAFHD 
120836;782998019;7;2;MAMEDALLAM
120842;786442004;7;2;MAMADUSEYEMERCH
120843;786401073;7;1;TMCPAINTERNET 
120844;784894597;7;2;TOUBATISMR
120845;782998390;7;2;THIERALYHD 
120847;782996438;13;2;RESTOALATIFDIPP
120848;782990883;7;2;PHARMASMR
121083;782996488;7;2;SOLIDINFHD
121153;784895500;7;2;SPCTANGUSM
121374;782997987;7;1;MATONTINE
121483;786400022;17;1;OBELIX WOYOFAL
121777;784894787;7;2;OUICARRYMARCHAN
121871;786484602;7;2;MOUSSTHIAMMERCH
122104;784894671;7;1;SENASSAM
122222;784894664;7;2;MOHAMALMR
122224;784894668;7;2;DJIBRIBAMR
122228;784894658;7;2;RESTOMAMOCDRAME
122231;784894601;13;2;LAMINENDMR
122241;784897958;7;1;FONDATIONAFRIVAC
122291;782998089;7;2;MOUSSAKBMR
122292;782998394;7;2;ABDOULLDMR
122293;784894610;7;2;SENVIEMR
122294;784894616;7;2;LESMIZZMR
122295;784894618;13;2;MAMIMIAMR
122397;784894587;7;2;IBRAHDFMR
122400;784894573;7;2;DIANECISMR
122401;784894567;7;2;PHARMAMHD
122402;784894769;11;1;PREMIER2SE
122402;786442410;11;1;PremierSPInter
122404;786442067;7;1;AFRIMARKETPIN
122404;786442336;7;2;AFRIMARKETMERCH 
122408;784894581;7;2;IBRAHIMADM
122411;784894725;7;2;MOUSGUEMER
122484;784898369;7;1;KIDSPALACEPINMERCH
122486;784898368;7;1;PERFORMTEC
122492;784898370;7;1;SIAMOISHD
122493;784898361;7;1;IPCOPRES
122495;784898430;8;1;JUMIA
122495;784898382;8;1;JUMIADEALS
122500;784894737;7;2;SOULEYSOUM
122508;784898365;16;1;PAYDUNYAHD
122519;784894593;7;2;KHADIMNDYM
122541;782993836;7;2;SMASHMARCHAND
122591;786442181;7;1;ASKIAASSURANPIN
122591;784894747;7;2;ASKIAASSUM
122593;784894719;7;2;NOFLAAYMER
122651;784894630;13;2;ABDOUMERCH
123866;784894717;7;2;MAMADOUALM
124003;785492601;7;2;PANTONEMARCH
124004;784898362;7;1;RAYZSYNDIH
124005;784898367;7;1;LAFIATECHH
124006;784894789;7;2;LANACELLEMERCH
124007;784894799;7;2;EDENFLEURMERCH
124008;784898450;7;2;GLOBUSDG
124009;784898372;7;2;CASASPORTMARCH
124072;782998096;7;2;MAKARIMALA
124081;784898409;7;1;AFSHOP
124298;784894783;13;2;RESTORCHICKEN 
124337;784894795;13;2;RESTOCHRAKBFOOD
124344;786492199;7;2;TOUBACAKANAM
124516;785481254;7;1;ELMACORPMERCH
124517;785481925;7;1;MEDIAVIRTMERCH
124519;785481924;7;1;ECOMMERCE 
124521;784894797;7;2;PHARMACOOPMERCH
124550;786492489;7;2;NDIAYEWOLYMERCH
124551;786492491;7;2;MOULINDORMERCH
124555;786401362;1;1;INTOUCHPAINTER
124556;786492810;7;2;HOLIMARKETMERCH
124558;786492830;7;2;ETSPBNDIAYMERCH 
124561;782998224;7;2;MONPRIXMERCH
124562;786490992;7;2;FAGARUSNMERCH
124563;786492559;7;2;SOWCLEANSUMERCH
124565;786492802;7;2;PMIDONATION
124567;786492564;7;2;BDANDJINOUMERCH
124568;786492568;7;2;AHMADOMBAYMERCH
124569;786492570;7;2;AISSCAMARAMERCH
124576;786492586;7;2;KHAIREFALLMERCH
124581;786492602;7;2;MOUHAMBSOWMERCH
124582;786492604;7;2;TOUBADIOUFMERCH
124583;786492612;7;2;AISSADIABYMERCH
124649;786492154;13;2;RESTOMACHAALLAH
124659;786492616;7;2;BADOUSARRTMERCH
124660;786492152;7;2;DSERVICESDMERCH
124741;786492066;7;2;NSOREXMERCH
124742;786492068;7;2;TRANSPAYMERCH
124743;786492190;7;2;KHADYALIMEMERCH
124745;786492110;7;2;MEDICKANEMERCH
124751;786492158;7;2;ALLIANZSAVMERCH
124836;786492080;7;2;WMSTITANMR
124838;786492160;7;2;ABDOULDIAKMERCH
124839;786492099;7;1;INTERBROADMERCH
124844;786492289;13;2;RESTOGAILLARD
124861;786492441;13;2;RESTOTHESPOT
124862;786492797;13;2;CHERIFAZIZMERCH
124893;786492751;7;2;JROPDIATTAMERCH
124921;786492439;13;2;RESTOPANAMAS
124930;786492303;7;2;ETSANPRESTMERCH
101383;786492185;7;2;GAINDE2000MERCH
125031;784894733;7;2;WEENITMERCH
125051;784894644;7;2;AMARMBENGM
125102;784894762;7;1;AFRIBABAMERCH
125103;782996444;7;2;SUMAMR
125161;784897953;7;1;SYCASNGLHE
125162;784894767;7;2;BAOBABSHTMERCH
125190;786492301;7;2;ASTVSUARLMERCH
125265;786490984;7;2;HANDOVERMERCH
125267;786490986;7;2;M7ETSMERCH
125281;784898374;7;2;SUNTELECOMERCH
125283;786490994;7;2;YDYALSAMERCH
125343;786492431;7;2;AHMEDKHALIMERCH
125376;786492836;7;1;1XBETTAMBAMERCH
125390;786492832;7;2;RESTOFUNCITY
125393;786492834;7;2;AFRIKHYGIEMERCH
125394;784894575;7;2;MADIBAKEIM
125455;786401105;7;2;CARAPIDEPRESTIGEMERCH
125455;786401107;7;1;CARAPIDEPRESTIGEPINT
125464;786484604;7;2;MATHIERNDOMERCH
125465;782990940;7;2;SUNNAMOONMERCH
125523;786484600;7;2;DECATHLONMERCH
125563;786484607;7;2;KAJSERVNEGOCEME
125571;786492281;7;2;MATERNITAMERCH
125572;786492725;7;2;CENAGROALIMERCH
125579;786484612;7;2;WINAWAXMERCH
125580;786484613;7;2;FRANCIBOGEMERCH
125581;786492632;7;2;SOGERASMERCH
125585;786484617;7;1;TAGANDLOCAMERCH
125590;786404796;7;1;EYONEPAINTER 
125590;786404729;7;2;EYONEMERCH 
125599;786492229;7;2;FDIOPYOOINMERCH
125603;786484621;7;2;TCSTERANGAMERCH
125604;786484619;7;2;JOSEMDIONEMERCH
125632;786484626;7;2;PAPABIRAMMERCH
125633;786484625;7;1;SENTRUSTMERCH 
125634;786484634;7;2;MADOKITECHMERCH
125639;786484629;16;1;SOXLLACOMMERCH
125639;786442216;16;1;SOXLLAPINMERCH
125640;786484631;7;2;PHARMATHIAMERCH
125662;786492225;7;2;BOROMDRADJMERCH 
125663;786492779;7;2;ETS18SAFARMERCH
125664;786492693;7;2;KALSCORPORMERCH
125665;786492415;7;2;ETSAKORKABMERCH 
125666;786492457;7;2;MOUSSMARONMERCH 
125668;786492257;7;2;MLOUCOUBARMERCH
125669;786492663;7;2;ETSTOUBADKMERCH 
125670;786492437;7;2;DIOMBTECHMERCH
125671;786492423;7;2;MAMEBAFAYEMERCH
125672;786492777;7;2;NDEYETNDIAMERCH
125673;786492407;7;2;OMARTHIAMMERCH  
125674;786492783;7;2;PAPATIOULEMERCH
125676;786492475;7;2;AHMADIEYEMERCH 
125677;786492641;7;2;AMADOUSALLMERCH 
125678;786492628;7;2;OMARBADJIMERCH
125679;786492735;7;2;ALIOUNENDAMERCH
125680;786492429;7;2;ASSEFIMMOMERCH 
125681;786492745;7;2;GIEGKMSCESMERCH
125683;786492649;7;2;MOUHTALIBEMERCH
125684;786492443;7;2;ACGROUPACISSEMERCH
125685;786492765;7;2;MAMADOULOMERCH 
125686;786492731;7;2;NGOMFRERESMERCH
125689;786492769;7;2;MCARVALHOMERCH
125690;786492687;7;2;EHMAGAMOUDMERCH
125691;786492697;7;2;YOUSOUNIANMERCH
125693;786492223;7;2;ABOUHADBAMMERCH
125694;786492449;7;2;MBAYENSALLMERCH
125695;786492477;7;2;DABADDOSNMERCH
125696;786492785;7;2;SAFAWTSUARLMERC
125697;786492753;7;2;KOSSOSALLMERCH
125698;786492761;7;2;MATHIELLOMERCH
125699;786492699;7;2;ETSDAWALOUMERCH
125700;786492695;7;2;PMASSSECKSMERCH
125701;786492417;7;2;MROUSMANEGMERCH
125702;786492469;7;2;MNGFINANCEMERCH
125703;786492657;7;2;PHARMASKBOMERCH
125704;786484645;7;2;AMIDOUWADEMERCH
125705;786492645;7;2;ETSOUMARDMERCH
125706;786492795;7;2;WALOCOMMUMERCH
125707;786492781;7;2;TIVAOUANEAMERCH
125708;786492749;7;2;ISSATHIAMMERCH
125709;786492715;7;2;ALATIFMBENMERCH
125710;786492677;7;2;MALICKSYMERCH
125711;786492453;7;2;FALLOUMBAYMERCH
125712;786492219;7;2;MANGUILINEMMERCH
125713;786492789;7;2;SEYNABOUTDMERCH
125714;786492291;7;2;PROMIMPORTMERCH
125715;786492639;7;2;GABARDNDIAMERCH
125716;786492243;7;2;MORDIEYEMERCH 
125717;786492707;7;2;AHMETABANEMERCH
125719;786492211;7;2;GEOPRESTIGMERCH
125721;786492205;7;2;WALYDIALLOMERCH
125722;786492217;7;2;ADOUMBOUYAMERCH
125723;786492743;7;2;EHADMDIOUFMERCH
125724;786492455;7;2;ETSBBCARBAMERCH
125725;786492487;7;2;MATARNIANGMERCH
125726;786492299;7;2;ETSASSANEDMERCH 
125727;786492775;7;2;NDEYEBNDIAMERCH
125729;786492493;7;2;ADJANDEYLDMERCH
125731;786492467;7;2;ABDOURFALLMERCH
125732;786492279;7;2;MAMEMATYDMERCH
125733;786492411;7;2;ATOUNIANGMERCH
125734;786492273;7;2;FGALASDIENMERCH
125735;786492739;7;2;DDISCOUNTMERCH
125736;786492651;7;2;AAKIMNIANEMERCH
125737;786492787;7;2;SYOMBADIALMERCH
125738;786492733;7;2;ASKANDJIMERCH
125739;786492405;7;2;BABASANKHEMERCH
125740;786492771;7;2;MLAMARANIDMERCH
125741;786492647;7;2;DAOUDAFAYEMERCH
125742;786492683;7;2;BEKHARHOLDMERCH
125743;786492265;7;2;ASOGESPOIRMERCH
125744;786492419;7;2;EXPLASSERMERCH
125745;786492685;7;2;MODOUNDIAYMERCH
125746;786492401;7;2;SECKOUSAKHMERCH
125747;786492215;7;2;ABOBACARBAMERCH
125748;786492635;7;2;FATOUCISSEMERCH 
125749;786492461;7;2;MALANGKEBAMERCH
125750;786492665;7;2;MARIBIESBWMERCH
125751;786492799;7;2;ETSCTMBAYEMERCH
125752;786492435;13;2;JANXENMCMERCH
125774;786484635;7;1;LOGISTICMERCH
125816;786484655;7;2;MORWADEMERCH
125817;786484657;7;2;KANDIOURASMERCH
125878;786484663;7;2;ILPLIVREMERCH
125897;786442030;7;2;AGENCECMUMERCH
125967;786484677;7;2;PHARMACHAMERCH
125994;786442200;7;2;AFRICAWEBMERCH
125995;786442202;7;2;BOUNAMAENDMERCH
125996;786442208;7;2;RESTOSAHARAOUI
125997;786442204;7;2;JALOSASMERCH 
125997;786404603;7;1;JALOSASPINMERCH 
125998;786484627;7;2;PHARMASFMBMERCH 
125999;786442210;7;2;VETSERVICEMERCH
126000;786442206;7;2;
126037;786442220;7;1;
126038;786442217;7;2;
126039;786442218;7;2;
126211;786442227;7;2;
126240;786404604;7;2;
126240;786442258;7;2;
126626;786442287;7;2;MONEYTICMERCH
126627;786442285;7;2;OBIENETREMERCH
126680;786492433;7;2;
127371;786442293;7;2;PHARMALKARIMOU
127372;786442289;7;2;UNIVERSBBMERCH
127372;786442305;7;1;UNIVERSBBPINMER
127373;786442291;7;2;ETSKMKHALIFAMER
127410;786442298;7;2;
127410;786442431;7;1;SASUPINMERCH
127435;786401154;7;2;
127435;786401180;7;2;
127544;786442322;7;2;
127545;786442320;7;2;PHARMAPAYEMERCH
127546;786442318;7;2;PHARMACONSEILMER
127547;786442316;7;2;MAYAEXPERMERCH
127548;786442312;7;2;ABKHADRENDMERCH
127549;786442314;7;2;EXPRESSVOYMERCH
127550;786492271;7;2;OBEYEMERCH
127551;786442304;7;1;MAKKITYMERCH
127552;786442306;7;1;APRILAFRICAMERC
127606;786492253;7;2;MBACKELOMERCH
127607;786442325;7;1;ALBASOFTMERCH
127608;786442326;7;1;COMPUTERMERCH
127609;786442327;7;1;HOLDINGSASMERCH
127610;786442329;7;1;INTERACTIVMERCH
127611;786442330;7;1;IPUBEVENTMERCH
127612;786442331;7;2;NEWAFRICAMERCH
127613;786442333;7;1;SENCARTOURMERCH
127663;786492610;7;2;EMILIGOMISMERCH
127664;786492247;7;2;MERRYGAYEMERCH
127665;786442324;7;2;ASEDUCSOLIMERCH
127666;786492285;7;2;AMADOUSECKMERCH
127667;786492713;7;2;BBACARDIOPMERCH
127791;786442342;7;2;PHARMADIANEMERC
127792;786442340;7;2;PAPALYTINEMERCH
127793;786442332;7;1;NEXTHOPEMERCH
127794;786442338;7;2;CASANOVAMERCH
127797;786442334;7;2;SOLEAMERCH
127798;786492767;7;2;MAITATHIAWMERCH
127799;786492703;7;2;SMNIANGMERCH
127800;786442328;7;1;GUINDOCOMERCH
128046;784898383;7;2;CONCOUREEDMERCH
128047;786442307;7;2;MUTUELSSMERCH
128048;786492445;7;2;OUSMANEDIAMERCH
128260;786442364;7;2;OOLUMERCH
128260;784898480;7;1;OOLUSOLARM
128263;786442400;7;2;TAXIURBAINMERCH
128265;786442404;13;2;RESTOGOMTUHG
128267;786442408;7;2;BIMASACONSMERCH
128268;786442425;13;2;RESTOPARISIENNE
128324;786442432;7;1;FINASSEOMERCH
128395;786492643;7;2;SILEYMANEMERCH
128454;786442433;7;2;MICROCREDMERCH
128454;784898491;7;2;BAOBABPLUM
128455;786442427;7;2;AHMETHIAWMERCH
128456;786442437;7;2;JAXAAYGROUMERCH
128467;786442445;7;2;PROASSURMERCH
128468;786442443;7;2;ISKELECTROMERCH
128469;786442441;7;2;PHARMSADRAMERCH
128470;786442439;7;2;GRUZOELJAYMERCH
128489;786442435;7;2;PAUTOSENMERCH
128490;786442456;7;1;GROUPELEYEMERCH
128601;786442464;7;1;BAATINEMERCH
128631;786442462;7;1;BALOONSENMERCH
128633;786442463;7;2;TECSYSMERCH
128683;786442485;7;1;TAFTAFMERCH
128683;786400845;7;2;TAFTAFSENEGALMERCH
128716;786442068;7;2;GIFTSUARLMERCH
128760;786442476;7;1;LOREERLECOMERCH
128761;786442478;7;1;KALELASARLMERCH
128762;786442477;7;2;BETONLINEMERCH
128827;786442488;7;2;AFLEURISTEMERCH
128850;786442489;7;2;SAIBAMULTIMERCH
128856;786442497;7;2;PHARMATMSMMERCH
128858;786442499;7;2;AUDRCLOPEZMERCH
128859;786442471;7;2;PPGSENEGALMERCH
128906;786442511;7;2;AKEBAZINMERCH
128907;786442509;7;2;YANDEDIOPMERCH
128908;786442507;7;2;SMILECREAMMERCH
128910;786442505;7;2;PHARMAEMSYMERCH
128962;786492277;7;2;JNANKJODASMERCH
129023;786442619;7;2;ICFCISUARLMERCH
129024;786442521;7;2;MAISONDECOMERCH
129025;786442518;7;1;JABDOUFAYEMERCH
129026;786442523;7;2;MTICKSNSASMERCH
129060;786442524;7;2;FURAXCOMSAMERCH
129101;786442531;7;1;SOFATECHNOMERCH
129108;786442182;7;2;TRANSVIEPINTERN
129108;786442513;7;2;TRANSVIEMERCH
129186;786442536;7;2;HAIRUNIVERMERCH
129188;786442538;13;2;UNIBELLASMERCH
129189;786442540;7;2;3SADVTISINGMERC
129294;786442544;14;2;GLACEMANIAMERCH
129295;786442542;7;2;HAPPYWORLDMERCH
129308;786492203;7;2;
129353;786400328;7;1;
129377;786442551;7;2;LAGARDEREMERCH
129423;784897956;7;1;
129463;786442580;7;2;
129570;786442012;7;2;
129571;786442006;7;2;
129572;786442016;7;2;
129574;786442019;7;1;AIRSENEPINMERCH
129574;786442017;7;2;AIRSENEGALMERCH
129575;786442015;7;2;
129575;786442013;7;2;
129605;786442530;7;1;YOUDISPINMERCH 
129676;786442023;7;2;
129678;786442026;7;2;
129679;786442028;7;2;
129681;786492622;7;2;
129692;786442032;7;2;
129713;786442031;7;2;EMPIREDIGIMERCH
129740;786442054;7;2;
129770;784894695;7;2;
129811;786442070;7;2;
129821;786442069;7;2;
129827;786442101;7;2;EDUCONNECTMERCH
129832;786442121;7;2;MULTICHOICEMERC
129835;786442125;7;2;AFRETYSASMERCH
129849;786442063;7;2;
129850;786442113;7;2;LOMEDIALMMERCH
129872;786442199;1;1;CINETPAYSEMERCH
129872;786442172;1;1;
129877;786442132;7;2;
129879;786442129;7;2;
129883;786442143;7;2;
129939;786442165;7;2;
129943;786442157;7;2;
129948;786442151;7;2;
130029;786400210;7;2;JAMHIYATUAMERCH
130077;786442179;7;2;
130261;786400347;7;2;
130262;786400343;7;2;
130263;784894612;7;2;CIPROVISMERCH
130287;786400458;7;2;
130347;786400324;7;2;
130348;786400326;7;2;
130482;786400349;7;2;
130614;786404720;7;1;ETSKHOULEFRERESPIN
130619;786400531;7;2;ETSMAMEMORDIAGNEMERCH
130620;786400515;7;2;KHITMAENTREPRISEMERCH
130622;786400521;14;2;RESTOLACREOLE
130623;786400505;7;2;PHARMADEMBAKOITA
130624;786400485;7;2;SESSSHUTTLESMERCH
130667;784898375;7;1;
130738;786400863;7;2;
130753;786400920;7;1;
130786;786400876;7;2;
130787;786400872;7;2;
130788;786400902;7;2;
130789;786400903;7;2;
130836;786400928;7;2;
130837;786400934;7;2;
130838;786400936;7;2;
130842;786442131;7;2;
130843;784898428;7;1;ASSURANCES
130896;786400948;7;2;MAGPRIXUNIQUEMERCH
130957;786400956;7;2;GIEBARHAMCORPORATION
131009;786400993;7;2;
131011;786400957;7;2;AFRICASPORTPROMOMERCH
131012;786400981;7;2;
131014;786400971;7;2;
131016;786400975;7;2;
131017;786400973;7;2;
131018;786400987;7;2;
131021;786400977;7;2;
131022;786400965;7;2;
131026;786400967;13;2;
131028;786400979;7;2;
131029;786400954;7;2;
131033;786400926;7;2;
131066;786403804;7;2;
131099;786403818;7;2;
131101;786403828;7;2;
131102;786403838;7;2;
131105;786403830;7;2;
131110;786403826;7;2;
131113;786403840;7;2;PHARMASRGMOMARDIONGUE
131123;786403858;7;2;
131124;786403870;7;2;
131127;786403862;7;2;
131129;786403868;7;2;PHARMAMASSALIKULJINAN
131130;786403854;7;2;
131131;786403852;7;2;
131133;786403872;7;2;
131134;786403876;7;2;
131135;786403880;7;2;
131136;786256359;7;2;
131137;786403864;7;2;
131139;786403856;7;2;
131140;786403874;7;2;PHARMNOUMAMERCH
131141;786403878;7;2;PHARMASMOUNTAKHAMB 
131143;786403844;7;2;FALICOMMERCH 
131143;786403956;7;2;ABDOURAHMANEPENEMERCH 
131147;786403850;7;2;MATLABOULFAWZAINIMER
131220;786403922;7;2;KSFBEAUTYMERCH
131221;786403938;7;2;PHARMABAYAMERCH
131224;786403894;7;2;PHARMSANTHMERCH
131226;786403916;7;2;PHARMASIMOMERCH
131228;786403928;7;2;KASSEMALICMERCH
131237;786403944;7;2;PHARMADIAWMERCH
131284;786403955;7;2;DJIBRILGUEYEMERCH
131285;786403954;7;2;MC3SENEGALSARLMERCH 
131286;786403882;7;2;EZLIFENDIAGATHIAMMERCH
131287;786403885;7;2;SOLUTIONASSISTDISTRIMERCH
131288;786403953;7;2;YALYSARLMERCH
131325;786404602;7;2;JOSEMICHELNASRMERCH
131326;786404605;7;2;IZYCABSARLMERCH
131405;786404661;7;2;PHARMDAROUMIMERCH
131406;786404659;7;2;PHARMDARESALMERCH
131407;786404655;7;2;PHARMAMDIARRAMERCH
131408;786404679;7;2;PHARMCHAMPSMERCH
131409;786404649;7;2;PHARMASALYMERCH
131415;786404683;7;2;PHARMKSLOUGAMERCH
131416;786404677;7;2;PHARMNIOMREMERCH
131418;786404653;13;2;RESTOPECHMIGNONMERCH
131421;786404681;7;2;PHARMSALAMMERCH
131423;786404685;7;2;PHARMASINDIA
131468;786403884;7;2;CROIXROUGESENEGALDON
131471;786404718;7;2;SS2EMERCH
131472;786404731;7;2;PHARMNDOUCOUMERCH
131474;786404716;7;2;PHARMBOLIBAMERCH
131475;786404735;7;2;PHARMBOUBSYMERCH
131476;786404727;7;2;PHARMALHAMDMERCH
131477;786404725;7;2;PHARMMALANMERCH
131482;786404708;7;2;GOODRADEMERCH
131519;786404739;7;2;PHARMAYAYEDIABOUMERCH
131520;786404737;7;2;PHARMADUPROPHETE
131521;786404741;1;1;MONETBILSENEGALMERCH
131523;786400330;13;2;RESTOMOUQUETSMERCH
131567;786404797;7;1;IKANECOMPANYPAINTER
131568;786404774;8;1;BELELBOUTIQUEMERCH
131569;786401002;7;2;PARADISIMMOMERCH
131570;786404790;7;2;PHARMAELHIBRAHIMNIASS
131571;786404794;7;2;INSOFTSASMERCH
131572;786404766;7;2;PHARMABOUYAMERCH
131573;786401004;7;2;PHARMAGANDIOLEMERCH
131574;786404788;7;2;PHARMADUBOULEVARDSUD
131575;786401006;7;2;PRESCOMADIBOMERCH
131644;786401087;13;2;RESTOHEALTHYFOOD
131648;786401066;7;2;PHARMAREPUBLIQUE
131650;786401064;7;2;PHARMALBISMERCH
131655;786401072;7;2;SNVENTURESPAINTER
131657;786401068;7;2;PHARMASDTHIANEMERCH
131659;786401070;7;2;SMARTINTEGRATEDMERCH
131660;786401074;7;1;ECONNECTCONSULTINGPIN
131689;786401096;13;2;RESTOBEVENTSASU
131690;786401100;7;1;AKOUENDYPAINTER
131691;786401094;7;2;CONNECTENDOBUSINESMER
131692;786401098;7;2;LESENSEIGNESDKRMERCH
131693;786401092;7;2;CARREFOURDAFFMSMERCH
131694;786401101;7;2;SAGAYDISTRIMERCH
131695;786401103;7;2;PHARMAFATIMZAHRA
131722;786401113;7;2;WOMAAPPSARLMERCH
131722;786401115;7;1;WOMAAPPSARLPAINTER
131723;786401110;7;2;2ADEVSUARLMERCH
131723;786401112;7;1;2ADEVSUARPAINTER
131724;786401116;7;2;ETSEVACHALHOUBKMERCH
131782;786401120;7;2;NJAMANAABADON
131956;786401134;7;2;PHARMAKHADIMOURASSOUL
131957;786401124;7;2;ETSMOURIAKMERCH
131958;786404733;7;2;PHARMAKHADIMRASSOUL2
131959;786401126;7;2;ENERGIERSARLMERCH
131960;786401128;7;2;GIEMINIBAPMERCH
131961;786401130;7;2;BOUTOSARLMERCH
131962;786401140;7;2;LEFURJAONMERCH
131972;786401132;7;2;GIECONETSERVICEMERCH
132002;786403942;7;2;MADINATOUREMERCH
132005;786401170;7;2;MALABYBOMBOMERCH
132006;786401172;7;2;SOPELAMERCH
132007;786401155;7;2;SHIFTRANSPORTMERCH
132057;786401169;7;2;SECTION52SARLMERCH
132059;786401161;7;2;JAJEUFHOSTINGPAINTER
132067;786401194;7;2;PHARMATOUBAMBACKE
132069;786401189;7;2;MOSSANETRADINGPAINTER
132070;786401192;7;2;PHARMAMINATAMERCH
132074;786401200;7;2;FATIMAHOUSEMERCH
132075;786401204;7;2;PHARMALKABIRMERCH
132077;786401187;7;2;PHARMARONDPTJAAXAY
132188;786442187;7;2;FALLOUNDIAYEMERCH 
132189;786442133;7;2;KHADIDIATOUATHJMERCH
132190;786442185;7;2;NDIOGOUYKANEMERCH 
132191;786400843;7;2;TOUBANDIAYEMERCH
132192;786442183;7;2;YOUSSOUNDOYEMERCH 
132194;786403860;7;2;PHARMATHIAALA
132196;786400108;7;2;ASFIYAHIMERCH 
132198;786400985;7;2;PHARMASEYDINAMLAYE
132199;786403896;7;2;PHARMALYNDIANEJATIIR
132201;786401214;7;2;LINKTELECOMPAINTER
132202;786403533;7;2;360FITNESSMERCH
132203;786400109;7;2;PHILJORSANTOSPAINTER
132280;786401229;7;2;PHARMAHLOULAHIMERCH
132281;786401223;7;2;DIOPMFALILOUMERCH
132282;786401243;7;2;LEADVISIONLVGMERCH
132283;786401241;7;2;EXCELLENCEFORALLAFRIC
132286;786401251;7;2;LATURQUOISEMERCH
132287;786401396;7;2;PHARMADUBATRAINMERCH
132289;786401227;7;2;PHARMAMEADAMABAKHYAYE
132290;786404723;7;2;PHARMACHEIKHIBRAHIMAS
132404;784894749;7;2;DIARRANDOM
132405;786401294;7;2;PHARMAKHADIJABA
132407;786401256;7;2;PHARMACHERIFDIAMERCH
132433;786401316;7;2;ETYNCELCOUTUREMERCH
132434;786401342;7;2;INFINIGROUPPAINTER
132435;786401328;7;2;PHARMAKOTHIARYMERCH
132436;786401326;7;2;DIOPSRGABKHADREDMERCH
132438;786401324;7;2;STATIONMKAMERCH
132445;786401318;7;2;PHARMADUPORTMERCH
132446;786401349;7;2;SERIGNESECKKBTMERCH
132567;786401357;7;2;BEUZPROSARLPAINTER
132567;786401358;7;2;BEUZPROSARLMERCH
132568;786401343;7;2;JIBREELENTREPRISEMERC
132577;786401363;7;1;SYNPHARMACIENSPPSDON
132578;786401361;7;1;JANGHIDON
132669;786401379;7;2;CABINETYARAHMANMERCH
132674;786402100;7;1;SMARTMARKETPAINTER
132675;786402103;7;1;ARCTELECOMPAINTER
132676;786402105;7;1;MARCROYMBAMBIPAINTER
132677;786401371;7;2;GROUPEATOOMEINTERMER
132678;786401381;7;2;KANARAMERCH
132681;786402101;7;2;WELLMAHMERCH
132682;786402112;7;1;WEENDUPAINTER
132685;786401373;7;2;MEDIMAGDISTRIBUTION
132687;786402137;7;2;PHARMADELEMMANUEL
132688;786402139;7;1;SIMPLIFYSTACKPAINTER
112103;786402143;7;1;ARSIIERMDON
112103;786402146;7;1;ARSIIERMPAINTER
112103;786402145;7;2;ARSIIERMMERCH
132677;786401398;7;1;GROUPEATOOMEINTERPIN
131660;786402140;7;2;ECONNECTCONSULTINGMER
132005;786402104;7;1;MALABYBOMBOPAINTER
132896;786402113;7;2;PHARMABOURGUIBA
132880;786402154;7;2;PHARMAMEDIARRABOUSSO
132882;786402156;7;2;PHARMARASSOULPSLMERCH
132892;786402152;7;2;PHARMAIMOUNASAMBMERCH
132907;786402150;7;2;ETSYACINELAMERCH
132903;786403450;7;2;PHARMACTUELLE
132889;786403456;7;2;PHARMARASSOUL3KAF
132902;786402193;7;2;MAIMOUNAKONATEMERCH
132904;786402188;7;2;MOBILEVOICESYSTEMERCH
132897;786402191;7;2;WAQFMERCH
132897;786402190;7;1;WAQFPAINTER
132900;786403494;7;2;PHARMALISADYAMERCH
132891;786403483;7;2;PHARMANNEKADETMERCH
132876;786402613;13;2;RETSOACITYPLACEMERCH
132869;786403492;7;2;KOONDAMERCH
132869;786403491;7;1;KOONDAPINMERCH
132872;786403496;7;2;JOBENVIRONMERCH
132901;786403485;13;2;RESTORIOTERANGAMERCH
132909;786402611;7;2;PHARMAFANAMERCH
125897;786402799;7;1;AGENCECMUDONATION
118440;782972741;13;2;RESTOCUIDEMAMAN 
133064;786402671;7;2;ACGROUPMERCH
133055;786402758;7;1;FATALIJULLIGGEEJGIDON
133048;786402733;7;1;KLMTECHNOLOGIESPAINT
133114;786402722;14;2;BOULEPAINROYALMERCH
133125;786402726;7;2;KHADIMNDIAYEMERCH
133095;786402730;7;2;PHARMAYAGUINEMERCH
133082;786402724;7;2;PHARMANOURMERCH
133117;786402653;7;2;MASTEROFFICEMERCH
133098;786402651;7;1;SAMALIFEPINMERCH
133078;786402683;13;2;RESTOLEREGALMERCH
133101;786402652;7;1;FAMDIGITALPINMERCH
133108;786402681;7;2;SOCOTEXMERCH
133084;786402673;7;2;PHARMAMADIBAMERCH
133116;786402675;7;2;PHARMALYDIORMERCH
000815;786402756;7;2;PHARMADUGOYEMERCH
133081;786402752;7;2;PHARMABLAYEBALDEMERCH
133089;786402744;7;2;TAAGSASUMERCH
133112;786402754;7;2;NDEYEANNABEYMERCH
133087;786402750;7;2;PRESTIGEDECOMERCH
133118;786402742;7;2;FARYDIAGNEMERCH
133100;786402746;7;2;FARIFIMAMERCH
133115;786402738;7;2;EINFOMERCH
133168;786402761;7;2;DJILORVACANCESMERCH
133169;786402759;7;2;PHARMADUBAOLMERCH
133298;786402771;7;2;MATHLABOULFAWZAINIDON
133342;786442369;7;1;I6CORPORATIONPAINTER
133343;786442370;7;2;PHARMAMALIKAPLAGEMER
100322;786246285;7;2;ARCHIDIOCESEDON
133435;786442399;7;1;ASORMOGDON
133442;786246225;7;2;PHARMACOUMBANDOFDIOUF
133459;786246209;7;2;MALICKCISSEMERCH
133447;786246247;7;2;PHARMADUTERROIRMERCH
133467;786246249;7;2;PHARMAMEIBRAHIMAMERCH
133448;786246251;7;2;PHARMANLLELHDAOUDADIA
133470;786246253;7;2;PHARMAPAPADAMENDIAYE
133452;786246223;7;2;PHARMAMALEMHODAR
133451;786246255;7;2;PHARMAPAPAMUSSATRAORE
138022;786246243;7;2;PHARMADUBOULEVARDKLK
133465;786246245;7;2;PHARMADULYCEEMERCH
133484;786246300;7;2;PHARMACAHMADOUBMBACKE
133481;786246283;7;2;PHARMAMDBNIANGMERCH
133490;786246302;7;2;MECOMSERVICESMERCH 
133493;786246328;7;2;PHARMAFATICKOISE
133496;786246290;7;2;MAYOUSUARLMERCH 
133494;786246277;7;2;CABINETSETIMERCH
133488;786246281;7;2;PHARMANASSIHAMERCH
133485;786246326;7;2;MBAYEKAMERCH
133480;786246294;14;2;RESTONSFOODMERCH
133487;786246296;13;2;RESTOKANELLMJSALY
133486;786246288;7;2;NESTFORALLMERCH
108603;784898373;7;2;AMNESTYINTERNDON
133572;786246356;7;1;WEBSYSTEMETECHPAINTER
133577;786246346;7;2;SALENSOLMERCH
133574;786246358;13;2;RESTODALADIAMTOUBA
133576;786246341;7;2;URGENCESMEDIACALESMER
133568;786246343;7;2;KEURVENUSMERCH
133570;786246357;7;1;SPECIALDELIVERYSASPIN
133573;786246332;7;2;XOCCOSARLMERCH
133582;786246336;7;2;CIATSARLPAINTER
133578;786246360;7;2;CAMEDIASENEGALMERCH
133566;786246339;13;2;WELLNESSFOODMERCH
133609;786256256;7;2;PHARMALAKAOLACKOISE
133613;786256260;7;2;PHARMANDEYEFARYSYMERCH
133615;786256262;7;1;ESSENSENEGALPAINTER
122495;786245800;7;2;JUMIAMERCH
132733;786402198;7;2;NDIMBELJABOOTDON
121483;786256271;17;1;OBELIX WOYOFAL
121483;786256272;17;1;OBELIX WOYOFAL
121483;786256273;17;1;OBELIX WOYOFAL
121483;786256274;17;1;OBELIX WOYOFAL
129849;786256333;7;1;OFFICEDUBACPAINTER
116309;786246345;7;1;SENACPAINTER
133702;786256332;7;2;OTHSENEGALPAINTER
133764;786256367;7;2;CNLSIDADON
128467;786256377;7;2;PROASSURPAINTER
133818;786256370;7;2;NICECREAMMERCH
133811;786256361;7;2;PHARMANDIOUGAMARAME
133821;786256346;7;2;PHARMAMOUSSABASSEMER
133828;786256294;7;2;AYWAJIEUNESASPAINTER
133843;786256358;7;2;INTECHGROUPSASPAINTER
133849;786256374;7;2;TECHNOLOGIESERVICES
133838;786256376;7;1;IMANSTOREGROUPEPAINT
133840;786256379;7;2;SENPHARMAMERCH
133840;786256378;7;2;SENPHARMAPAINTER
133810;786256381;7;2;ETSMAMEMORMERCH
133825;786246375;7;2;ASSONDIMBEULDON
133979;786246567;7;2;SONATELESHOPMERCH
128602;786442467;7;1;ATPSMERCH
133995;786246558;7;2;FATBINTOUSAKHOMERCH
133994;786246522;7;2;SOUMARIMERCH
133994;786246521;7;1;SOUMARIPINMERCH
133993;786246526;7;2;NEPTOPTIQUEMERCH
133991;786246534;7;2;GIEYETEMERCH
133989;786246536;7;1;SMARTDIGITALPINMERCH
133987;786246524;7;1;AFIYYAHOLDINGMERCH
134004;786246564;7;1;EGLISEVANGELIQUEDON
134005;786246565;7;1;SUNUBIBLIOTECHDON
133988;786246560;13;2;RESTOHAPPYCOFFEEMERCH
134073;786246591;7;2;SENEPRODUITSMERCH
134069;786246585;7;2;PLANETETOURSVOYMERCH
000813;786246583;7;2;PHARMADUCENTENAIRE
134097;786256008;7;2;SOORETULSASMERCH
134096;786256002;7;2;AUBONHEURDUJOURMERCH
134087;786256014;7;2;MATHYDYMERCH
134082;786256026;7;2;CILMSNSARLMERCH
134090;786256000;7;2;MIYASENEGALMERCH
134080;786256020;7;2;AISSATOUBATHILY
134088;786256028;7;2;PHARMANDOSSMERCH
134091;786246599;7;2;LISTELECPAINTER
134079;786246597;7;2;PSEJMERCH
134092;786256012;7;2;EMC2MERCH
134092;786256030;7;2;EMC2PAINTER
134051;SDEAD;5;1;SDEAD
100755;786256033;7;2;HOTELPALMBEACHMERCH
134109;786256031;7;2;AJNTICDON
134179;786256042;7;2;PHARMASOGUIMERCH
134200;786256074;7;2;GROUPEYELLITAAREMERCH
134186;786256038;7;2;YOBANTEXPRESSMERCH
134192;786256072;7;2;PHARMASOURAHMERCH
134262;786256169;7;2;ADESMATSMERCH
134261;786256175;7;2;KANTELHSAALYMERCH
134259;786256107;7;2;DDJEUXMERCH
134260;786256116;7;2;PHARMATLANTICMERCH
134264;786256114;7;2;ALBISIAMERCH
134263;786256105;13;2;RESTODIWAN
134258;786256110;7;2;CHITOUCOMERCH
134258;786256109;7;2;CHITOUCOPAINTER
134350;786256148;7;2;ASSOSENUMDON
134340;786256145;7;2;MOUSSEDUSENEGALMERCH
134347;786256157;7;2;PHARMARESIDENCEMERCH
134344;786256151;7;2;KASUMAYAFRICAPAINTER
134344;786256149;7;2;KASUMAYAFRICAMERCH
134341;786256142;7;2;AFRICAB2BPAINTER
126626;786256152;7;2;MONEYTICPAINTER
134184;786256062;7;2;ONFAMYLYSEMERCH
115310;786256673;7;2;VILLAGEPILOTEDON
134376;786256180;7;2;OFFICECHOICEMERCH
134400;786256632;7;2;TOUREAGROPAINTER
134401;786256651;7;1;KACYBERTECHNOLOGIPIN
134404;786256637;7;2;TRAVELSPOTMERCH
134378;786256659;7;2;DIALIBATOUINVESTMERCH
134389;786256628;7;2;WOMENTREPRENEURSHIP
133987;786256656;7;2;AFIYYAHOLDINGPAINTER
134394;786256649;7;1;AMARISCONSULTINGPIN
133064;786256650;7;2;ACGROUPAINTER
134399;786256624;7;2;ESPACEMEDICALMERCH
134463;786256147;7;2;GIVEBACKTOSENEGALDON
134539;786256674;7;2;SARTORISENCASAMERCH
100748;786256670;7;2;ESEDICMBAYSINGERMERCH
134587;786256694;7;2;HAPPYLANDMERCH
134716;786256806;13;2;RESTODIAMONOENTMERCH
125738;786256739;7;2;KANDJIALIMASADMERCH
134690;786256731;7;2;PHARMAMOUHMOUSMERCH
105012;786256808;7;2;THIAMNDIAGAMERCH
134692;786256860;13;2;RESTOLAPIAZZAMERCH
134672;786256717;13;2;RESTOLEGONDOLIERMERCH
134675;786256851;7;2;TECHNOINSIGHTMERCH
134375;786256872;7;1;AFRISMARTPINMERCH
134676;786256713;7;2;KHYDMASHOREMERCH
134308;786256862;14;2;RESTOKAYSERMERCH
134671;786256729;7;2;NEWWAYTRAVELMERCH
134697;786256885;7;2;PHARMALASENEGALAISEMERCH
134713;786256883;7;2;PHARMALESDUNESMERCH
134702;786256850;7;1;DIGITALACADEMYPINMERCH
134718;786256712;7;2;AMEDFDON
134719;786256716;7;2;SYDEMSDON
134720;786256891;7;2;CARITASDON
134721;786256715;7;2;APHODON
134725;786256814;7;2;BOUBADIALLOMERCH
134791;786256972;7;2;DDSMEDICALMERCH
134789;786256970;7;2;AGCSERVICESMERCH
134794;786256889;7;2;SUMMASENEGALMERCH
134802;786492221;7;2;ABDOUDIALLMERCH
134886;786255012;7;2;ISLAMIQUERAHMAHMERCH
134879;786255024;7;2;ALAOUIHATIMMERCH
134880;786255022;7;2;ATRGROUPE2MERCH
134887;786255002;7;2;PHARMALOTAMERCH
134926;786255097;7;2;UVSDON
134990;786255170;7;2;NATURA4EVERPAINTER
134995;786255144;7;2;DELTAMEDICALMERCH
135006;786256391;7;2;CLINIQPROVIDENCEMERCH
134986;786255225;7;2;DUOPHARMSAMERCH
134959;786255176;7;2;PHARMADIAMATHIEMERCH
134969;786255222;7;2;CHEZAMDIMERCH
134984;786255180;13;2;RESTOPH20MERCH
1034;786255096;7;2;SONATELDON
120286;786255224;14;2;SAKANALPINMERCH
135041;786255070;7;2;TOORKEEMERCH
135043;786255285;7;2;DIOPMOHAMEDMERCH
135096;786255234;7;2;MENCOVID19DON
101383;786255344;7;2;GAINDE2000PROLIBMERCH
134903;786255199;7;2;ENFANTJESUSDELOUGADON
135107;786255237;7;2;MONASTKERMOUSSADON
135118;786256879;7;2;PHARMADELORMEMERCH
135114;786255340;7;2;MIAGROSUARLMERCH
135115;786255348;7;2;SAHAMASSURANCEMERCH
135110;786255352;7;2;RUFSACMERCH
135171;786255360;7;2;ELITEMERCH
124923;786255239;7;2;GLOBALTSARLPAINTER 
135173;786255382;7;2;CFIMMOBILIERMERCH
135163;786255364;7;2;PRESTALOUMERCH
135160;786255362;7;2;PHARMACITEASECNA
135153;786255376;7;2;CLUBTIOSSANEMERCH 
135154;786255372;7;2;GSMSENEGALMERCH
135155;786255374;7;2;ELEPHANTVERTMERCH
135172;786255238;7;1;PAROISSEMBAODON
135223;786255420;7;2;UNIVERSCOLORSMERCH
135234;786255242;7;1;ENSAPINMERCH
135255;786255493;7;2;INSBILMONTESSORIMERCH
135256;786255491;7;2;CSTMMERCH
135257;786255455;7;1;UNIVGASTBERGERPINMERCH
135272;786255094;7;2;GIEATELIER221DON
122104;786255544;7;1;SENASPINMERCH
135378;786255489;7;2;ELECCORPOMBAMERCH
101298;786255074;7;2;ARCINFOMERCH
135379;786255513;7;2;SALAMAASSUEANCESMERCH
135380;786255515;7;2;CPSGARDORMERCH
135381;786255530;7;2;GIEKILIKMERCH
135382;786255538;13;2;RESTOGOSERVICESMERCH
135383;786255534;7;2;AISSATOUBAILODIAMERCH
135384;786255524;7;2;NSIAASSURANCESMERCH
135385;786255540;7;2;PHARMATOUBATOULMERCH
135386;786255528;7;2;TANDEMIMMOMERCH
135387;786255526;7;2;SUPINFOSARLMERCH
135366;786255546;7;2;KOODSARLMERCH
135367;786255249;7;1;ILLEMERFACTURIER 
135399;786255250;7;1;DTSPINMERCH
135433;786255614;7;2;ASSURLAPROVIDENCEMERCH
135425;786255586;7;2;DIONGOMAMERCH
135431;786255598;7;2;2ASCOSMMERCH
124580;786492594;7;2;IBRAHIMSECMERCH
133479;786255531;7;1;SONAPTASAPINMERCH
135520;786255630;7;2;MBAYEBADARAMERCH
135524;786255632;7;1;SOCIALCONEXIONPINMERCH
135531;786255270;14;2;RESTOLAFOURCHETTE
135532;786255262;7;2;SAHAMVIEMERCH
135534;786255618;7;2;IFAAMERCH
135547;786255655;7;2;IAMINSTITUTMERCH
135578;786255090;7;2;FONDSZAKAATDON
101337;786255657;7;2;IPAMMERCH
135605;786255706;7;2;ASSONEBEDAYDON
135606;786255711;7;2;PHARMAGOUMEL
135614;786255729;7;2;YURPERSONALSHOPMERCH
135616;786255690;7;2;CHINAONLINEMERCH
135619;786255733;7;2;THIMTELPAINTER
135624;786255685;7;2;PRODENERGIEPAINTER
135625;786255683;7;2;MSDISTRIBUTIONMERCH
135629;786255688;7;2;ETIOPLUSMERCH
135630;786255696;7;2;CASAMANGOMERCH
135631;786255731;7;2;OSHUNSENEGALMERCH
135632;786255727;7;2;3MSERVICESMERCH
135635;786255723;7;2;MAKHTARDRAMEMERCH
000843;786255715;7;2;PHARMAORIENTALEMERCH
134087;786255748;7;2;MATHYDYPAINTER
135654;786255747;7;2;DJOLOFMOTORSPAINTER
135655;786255750;7;2;VIVIALIZPAINTER
135656;786255749;7;2;NSIAVIEPAINTER
122494;784898364;7;2;RINGERDKRMERCH
135675;786255794;7;2;UPAFRCAMERCH
135678;786255790;7;2;PHARMADIARAAFMBORND
135679;786255782;7;2;PHARMAPARCELLOISE
135680;786255784;7;2;MSALIOUDIALLOZIGMERCH
135681;786255753;7;2;PHARMAKEURSAMBAGUEYE
135683;786232254;7;2;YESSALJOTNADON
135684;786255755;7;2;ENDAGRAFTMERCH
135689;786255776;7;2;ECOLMANAGMERCH
135695;786258607;7;2;TOURESAGROMERCH
135697;786258605;7;2;INSTITUTITALIENMERCH
135698;786258617;7;2;ARASMERCH
135699;786258619;7;2;WORLDVOYAGESMERCH 
135699;786258623;7;1;SABCDTRAVELPINMERCH
127613;786258621;7;2;SENECARTOURSARLMERCH
135700;786258611;7;2;LESROSESDANTOINEMERCH
135701;786258615;7;2;DIANEMAMEANTAMERCH 
135726;786255751;7;2;JAMATOURAHMANEDON
001039;784898307;15;1;MPAYACHATPASS
001039;784898441;15;1;ACHATPASS
001039;786256267;15;1;ACHATPASS
001039;786256268;15;1;ACHATPASS
001039;786256269;15;1;ACHATPASS
001039;786256270;15;1;ACHATPASS
135743;786255759;7;1;IMPAXISSECUPINMERCH
135756;786258644;7;2;MCOMPANYFORDMERCH
135817;786258409;13;2;RESTOSUSHIEXPRESS
135819;786258407;7;2;INITIATIVESMERCH
135820;786258400;7;2;PHARMANNEJULIETTE
135822;786258402;7;2;DIARLEPAINTER
135823;786258403;7;2;ELTOROMERCH
135827;786258658;7;2;CABINETGOFARMERCH 
135853;786258666;7;2;VTSENPAINTER
135858;786258669;13;2;RESTOZENDIABETE
106892;786258678;7;2;DAKARDEMDIKKMERCH
135949;786258725;7;2;SODEMEDMERCH
135951;786258713;7;2;FACILITATORMERCH
135956;786258721;7;2;MYCOMAFRICAMERCH
135957;786258717;7;2;LSPROMERCH
135998;786258758;7;2;SUNUTECHPAINTER
136000;786258759;7;2;SNANDROIDPAINTER
136002;786258737;7;2;GIEDIGITEDPAINTER
136006;786258736;7;2;DIOTALIPAINTER
136008;786258734;7;2;ETSMALEYEMERCH
136009;786258750;7;2;WESTAFRICAWATERMERCH
124623;786258742;7;2;UCGMERCH
135822;786258754;7;2;DIARLEMERCH
136038;786258767;7;2;DELVINITIATMERCH
136042;786258224;7;2;VISIONAFRBANAMERCH
136043;786258230;7;2;KONEKTEKSNMERCH
136044;786258228;7;2;INSTITPOLTHOMASMERCH
110431;786258765;7;2;KMOBSAMERCH
136052;786258763;7;2;DAKARMATINMERCH
136047;786258222;7;2;SYASOLUTIONSMERCH
136099;786258760;7;2;SAFINATOULAMANEDON
136146;786258524;7;2;SUPERETTEDUCAPMERCH 
136147;786258236;7;2;WONEMAMERCH
129112;786258526;7;1;DISCOUNTAFRICAPAINTER
136149;786258522;7;2;NUNEZIRMAOSMERCH
105989;786258575;7;2;TOUTPOURLEAUMERCH
136188;786258567;7;2;FISAPACAFRIQUEMERCH 
136189;786258562;7;2;MONICAHAWAPAINTER
136160;786258538;7;2;ASSOCIATIONA2MBDON
136163;786258535;7;2;LEKETTBISODAPAINTER
136166;786258553;7;2;GROUPEASCOFMERCH
136214;786258586;7;2;PHARMADABAKHMALICK
136218;786258580;7;2;ASSURANCEASSMERCH
136294;786258250;7;1;LESEDITIONSMINANEPIN
696;786258252;7;2;MATFORCEMERCH
696;786258251;7;2;MATFORCEPAINTER
136036;786258200;14;2;RESTONOWELLIMERCH
136416;786258258;7;2;ENCORESUARLPAINTER
136417;786258263;7;2;LIFEKHALIFASENMERCH
136418;786258293;7;1;CAMPUSFACTURIER
136428;786258314;7;2;JAMATOUNOURDON
136430;786258301;7;2;GADEGUIAGROINDPAINTER
102018;786258305;7;2;SOFIEXMERCH
134374;786258302;7;2;MBAYESADYPAINTER
136432;786258300;7;2;ANTUSSPAINTER
136433;786258298;7;2;CHEZMONAMIMERCH
136434;786258294;13;2;RESTOAFISTYLE
133491;786258324;7;2;BEAUTYANDCOPAINTER
100197;786258319;7;1;CASINODUPORTMERCH
136503;786258353;7;2;AGENCEHYBRIDEMERCH
136504;786258355;7;2;YAXANALPLUSPAINTER
136505;786258356;7;2;TAGOSPAINTER
136429;786258296;7;1;AFRICASPORTEVENTSPIN
136415;786258260;7;2;ASSOJOTTSIDON
136518;786258365;7;2;YOONEMAWAFRICAMERCH
1013;786258377;7;2;SGHOSPITALIEREMERCH
136519;786258370;7;2;BAAXUMAAMPAINTER
133828;786258367;7;2;AYWAJIEUNESASMERCH
136521;786258369;7;2;MLOUMAPAINTER
136522;786258371;7;2;THESMARTWOMANMERCH
105538;786258363;7;2;SOSMEDECINMERCH
1085;786258383;7;1;TERROUBIPAINTER
1085;786258384;7;1;TERROUBIMERCH
136576;786492463;7;2;JLBOISSYMERCH 
136577;786257862;7;2;SOWFOOTMERCH
136580;786257860;7;2;ATELIERDESGENIESMERCH
136581;786258397;7;2;YUMYUMPAINTER
136582;786258388;7;1;EVOMULTISERVICEPINTER
132675;786257864;7;2;ARCTELECOMERCH
136589;786257878;7;2;FADLOULMANNAANEDON
136617;786257882;7;2;INCAMERCH
136618;786257879;13;2;RESTOMELO
101597;786257885;7;2;DECOUVERTESTOURMERCH
136664;786257889;7;2;PHARMACLAVER 
136688;786257920;7;2;GROUPEKEURARAMEMERCH
124751;786257919;7;2;ALLIANZSAVIEPAINTER
136690;786257924;7;2;KOSSIMERCH
136710;786257918;7;2;COMPRENDRELISLAMDON
135507;DUALWALLET;4;1;ZEBRAC2C
001039;PTUPS;12;1;PTUPS
136840;786257931;7;2;ASGODON
136841;786257942;7;2;PHARMASANGALKAM
000848;786257944;7;2;PHARMARASSUL
116382;786257936;7;2;PHARMANGORBA
136867;786257967;7;2;STEPONEMERCH
136869;786257957;7;2;SINAPPSPAINTER
136870;786257948;7;2;MERCATIKPAINTER
136871;786257949;7;2;IMODSENMERCH
136872;786257963;7;2;CMCORNICHEOUESTMERCH
136873;786257960;7;2;GSIBNATAIMRANMERCH
120549;786257953;7;2;MNSCONSULTINGMERCH
136875;786257962;7;2;DENTALDON
771;786257982;7;2;ORCAPAINTER
136917;786257983;7;2;BGDIGITALPAINTER
136918;786257980;7;2;BELLEBIENATURELMERCH
136920;786444807;7;2;SENUNIFORMEMERCH
136922;786444800;7;2;AERESSDESIGNPAINTER
133455;786444813;7;2;PHARMADUBOULEVARD
136945;786444825;7;2;ELITICPAINTER
136946;786444821;7;2;AVTMERCH
136948;786444826;7;2;FOODSTOREQUIPRHCMERCH
136974;786444830;7;2;PHARMAELHDAOUDIA
136975;786444823;7;2;PHARMAMOTA
136976;786444832;7;2;DIAYANTENDIASSANEDON
001034;SONAD;5;1;SONBPADHOC
137010;786444848;7;2;PHARMADELATERANGA
137015;786444833;7;2;COSAMASAMERCH
137018;786444841;7;2;FABGLOBALSERVICEMERCH 
137019;786444847;7;2;NANOTECHPAINTER
137030;786257992;7;2;PHARMACEERNOYAAL
860;786257994;7;2;PHARMAYASALAM
137031;786444854;7;2;SUBITOINTERMERCH
136431;786257991;7;2;ONTRACKPAINTER
137032;786444856;7;2;CANADIANBOTTLINGMERCH
137033;786444852;7;2;SAOUPRESTIGESMERCH 
132078;786402600;7;2;OSHUNSUARLPAINTER 
150010;786257985;5;1;FRAISDACCESGAIA
137015;786444874;7;2;COSAMASAPAINTER
137133;786444868;7;2;NEWAFRICATECHPAINTER
137134;786444866;7;2;GITECHSENEGALMERCH
137135;786444869;7;2;SENTERROUGANEMERCH
137136;786444860;7;2;GLOBALTECHNOLOGIMERCH
137137;786257997;7;2;NABYALLAHDON
431;786444914;7;2;FUTURSMEDIASMERCH
137164;786444907;7;2;SUDPAYMERCH
137165;786444905;14;2;RESTOGANDIOL
137166;786444909;7;2;PHARMADABAKHYEUMBEUL
137288;786444919;7;2;KANELMERCH
137290;786444942;7;2;SALYCALLCENTERMERCH
137293;786444921;7;2;BIJOUELEGANCEMERCH
137294;786444928;7;2;CONFECTIONCSEYEMERCH
137295;786444927;7;2;ICONCEPTITPAINTER
137297;786444950;7;2;CLINIQUEMEDINAMERCH
137299;786444930;7;2;MEDICALISENEGALMERCH
137300;786444925;7;2;SENEGALMATERIAUXMERCH
137301;786444953;7;2;MEDICALIBRAWANEMERCH
137164;786444952;7;2;SUDPAYPAINTER
110432;786444948;7;2;PHARMAMAMEOUMYGUEYE
137322;784894579;7;2;GORATHIAWH 
118672;786444968;7;1;ALLIANZASSPAINTER
137342;786444966;7;1;LESSENTIELMERCH
137408;786444969;7;1;ASSOSOUTOURADON
120477;786413051;7;1;SAMAMBEYFACTURIER
128716;786465625;7;2;GIFTPROFLIBMERCH
117104;786465633;7;2;METALCOMERCH
137419;786465631;13;2;RESTOLETAOUK
137421;786465657;1;1;BBSINVESTPAINTER
137422;786465659;7;2;ARTWORKPAINTER
137425;786465640;7;2;MEDICALNAFOOREMERCH
137437;786465650;7;2;TRAITUNIONVOYAGEMECH
137475;786413052;7;2;ASSOMAMMAKDRA
137501;786173802;7;2;ASSOTOUSSOLID
130079;786173854;7;1;STARTIMESPINMERCH
137521;786173826;7;2;DIONGUEAWAMERCH
137522;786173814;7;2;SOCEVEMERCH
137523;786173848;7;2;LALASTOREMERCH
137523;786173847;7;1;LALASTOREPINMERCH
137524;786173846;7;1;FGIPINMERCH
137525;786173828;7;2;DAGROHMERCH
137526;786173804;7;2;VEHICTRANSMERCH
137527;786173803;7;1;SUNUINVESTPINMERCH
137528;786173834;7;2;KIDSPALACEMERCH
137529;786173816;7;2;CCBMINDUSMERCH
137531;786173810;7;2;LENVOLTOURSMERCH
137532;786173808;13;2;RESTOFATIMYEROMERCH
137533;786173806;7;2;SEOULPECHEMERCH
137566;786173865;7;2;ALIOUAIDADIOUFMERCH
137567;786173860;7;2;DELWINMERCH
137568;786173863;7;2;GALSENAUTOMERCH
137568;786173862;7;1;GALSENAUTOPINMERCH
137588;786177148;7;2;QUICKTLMERCH
137638;786173892;7;2;SENTERANGAMERCH
137641;786173890;7;2;PHARMAIMDOMMERCH
137642;786173882;7;2;MAAWAGROUPMERCH
137643;786173886;7;1;MILLIUNUSPINMERCH
137644;786173889;7;1;WUTIKOPINMERCH
121377;786173887;13;2;RESTAULETHIOFSARLMERCH
137646;786173878;7;2;DNLSARLMERCH
137647;786173868;7;2;GUIMOSOLUTIONMERCH
137648;786173870;13;2;RESTAUI6CORPMERCH
137652;786173857;7;2;DONBOSCODON
137697;786173556;7;2;ETERANGAMERCH
137699;786173552;7;2;PHARMAELYAREMERCH
137702;786173558;7;2;ARLETTEDEBOMERCH
137607;786173867;7;2;ENFANSOLEILDON
137733;786177004;7;2;PAINDOREMERCH
137741;786176008;7;2;PHARMAIMECESAIRE
137743;786173594;7;2;DSLELECTRICITEMERCH
126002;786173596;7;2;DIAPPOSELLALIGEYMERCH
539;786173580;7;2;IMPRIMNATIONALMERCH
137748;786173598;7;2;HOMECHOICEMERCH
137749;786173582;7;2;SOTOUSOMERCH
137752;786173421;7;1;AFRICANDISTRIPINMERCH
137753;786173424;7;2;EBENESARLMERCH
137758;786173436;7;2;THEDANCEHALLMERCH
137759;786173439;7;1;KABIREXPINMERCH
137760;786173438;7;1;IBCHICREKPINMERCH
137761;786173440;7;2;AUTHENTICOMERCH
137762;786173566;7;2;PHARMAVDNSACRECOEUR
118562;786173489;7;2;VALDAFRIQUEMERCH
137921;786173462;7;1;GDCONSULTINGPINMERCH
122011;786173455;7;2;PHARMAWAGANEDIOUF
137926;786173461;7;1;TAMAPINMERCH
132766;786173446;7;2;COMPAGNIEASKYMERCH
137927;786173457;7;2;CACMERCH
116690;786173467;7;2;FINETECHMERCH
137929;786173465;7;2;D2SPLOMBERIEMERCH
137941;786173444;7;2;RESORTCOMINVESTMERCH
137942;786173600;7;2;MAEVASARLMERCH
137947;786173474;7;2;MARIBOUMERCH
137948;786173470;7;2;YENNENGAMERCH
137876;786173451;13;2;RESTOLEFALICE
129939;786173605;7;1;SENERGIEAFDFACTURIER
136038;786173606;7;1;DELVICSFACTURIER
116477;786173504;7;2;MARMITEDUCOEUR
141717;786173450;7;2;ALIMADON
135624;786176010;7;2;PRODENERGIEMERCH
141750;786173517;7;2;PHARMAPLUSMERCH
141751;786173507;7;1;SBGSASUPINMERCH
141754;786173521;7;2;TIDIASMERCH
141758;786173519;7;2;YISGROUPMERCH
141762;786173613;7;2;DAKARBOUTIQUEMERCH
141763;786173523;7;2;SENCHOIXMERCH
141799;786173648;7;2;HOLDINGOUSMANMERCH
141800;786173529;7;1;COSSUELPINMERCH
125465;786173536;7;1;SUNNAMOONFACTURIER
141831;786173525;7;2;CCBMVOYAGESMERCH
141832;786173532;7;2;MERRYADVISORYGROUPMER
141833;786173534;7;2;SAREEVMERCH
141837;786173541;7;2;AGROPHARMERCH
141838;786173539;7;2;BVGGROUPMERCH
141838;786173530;7;1;BVGGROUPINMERCH
141878;786177031;13;2;RESTOLEPAMANDA
141879;786176838;7;2;MOUHAMETDIAMERCH
141880;786176848;7;2;PHARMASANTESRGSALIOU
141881;786176888;7;2;ABIPDIOUMMERCH
141882;786176850;7;2;PHARMAMAMEIBRANDOUR
141883;786173655;7;2;THIMAKAWIMERCH
000607;786173547;7;2;LASENEGALAISEAUTOMER
141884;786176836;7;2;CLINIQUEMIXTEMERCH
135656;786173672;7;2;NSIAVIEMERCH
141883;786173668;7;1;THIMAKAWIPINMERCH
100080;786173687;7;1;FASTEFFACTURIER
142006;786173737;7;1;UBIPHARMSNFACTURIER
141800;786173689;7;2;COSSUELMERCH
142013;786175086;7;2;NEGOCECENTERMERCH
124344;786173738;7;2;TOUBACAKANAMERCH
142007;786173688;7;1;PRIMAXLOGPINMERCH
142142;786173691;7;2;GOAFRICAWORLDWIDEMER
142142;786173693;7;1;GOAFRICAWORLDWIDEPIN
142146;786176400;7;2;RIJAALHOLDINGMERCH
142149;786177022;7;2;PHARMASRGBABACARSY
142153;786173714;7;2;ALLIANCEMEDPHARMERCH
142183;786177796;7;2;LAMARANADIALLOMERCH
142184;786177798;7;2;ASSANETHIAMERCH
142186;786177794;7;2;PHARMALEXANDREDIADHIU
142191;786173734;7;2;STANDUPAFRIQUEMERCH
142194;786173716;7;2;OPEFMERCH
142212;786173755;7;1;SENTELECOMPINMERCH
142213;786173756;7;1;AXYLGROUPINMERCH
142214;786176402;7;2;PHARMASRGMOHAMEDMBSL
142225;776173757;7;1;PARKSMARTPINMERCH
142279;786177056;7;2;PHARMAMEBIRAMAMBAYE
142282;786177642;7;2;FATOUMATANDIAYEMERCH
142283;786177644;7;2;LAMARANADIALOKLDMERCH
142286;786173745;7;2;MIAMAFRICAMERCH
106892;786173758;7;1;DAKARDEMDIKKPINMERCH
142327;786173778;7;2;BECENGINEERINGMERCH
142328;786176798;7;2;PHARMAFATOUIDEUSY
142332;786173760;7;2;SHSVOYAGESMERCH
137948;786173776;7;1;YENNENGAPINMERCH
108362;786173759;7;1;LAMABEACHOTELPINMERCH
142372;786173762;7;2;JAYSERVICESMERCH
142007;786173771;7;2;PRIMAXLOGMERCH
142373;786176785;7;2;DIALIKITELEINFOMERCH
142374;786175750;7;1;BREGITSOLUTIONPINMER
142374;786173769;7;2;BREGITSOLUTIONMERCH
142375;786173764;7;2;EXPERTISMERCH
142376;786177646;7;2;BALDEMYAYAMERCH 
142377;786176006;7;2;H2ONETECOLOMERCH
142378;786177074;7;2;PHARMASAINTEMARIE
128633;786173773;7;2;TECSYSMARCHANDMERCH
142379;786177062;7;2;CAYORTOPMARKETMERCH
142380;786175751;7;2;GESTUSCHOOLMERCH
142381;786175755;7;2;AXONESAMERCH
142382;786175753;7;2;AFRILINSMERCH
142423;786175783;7;2;GECAMINESMERCH
142424;786175785;7;1;LNGCONSULTINGPINMERCH
142425;786175759;7;2;WEBIDANOMERCH
142426;786175786;7;2;LEVEBA13MERCH
136428;786173777;7;2;JAMATOUNOURMERCH
142480;786175770;7;2;TAMOONAALTOURMERCH
142375;786175788;7;1;EXPERTISPINMERCH
142481;786175777;7;1;GLOBALIDSERPINMERCH
142482;786175789;7;1;BIRIMANDIAYEPINMERCH
142483;786176022;7;2;HELENEKBOUTIQUEMERCH
142484;786176998;7;2;OPTIQUEVISIONPLUSMER
142527;786175792;7;2;SANTAFRICAMERCH
142528;786176769;7;2;DAILYMARKETMERCH
142529;786175774;7;2;SENBUSINDUSTRIESMER
142530;786176042;7;2;KEBIMOMERCH
142531;786176048;7;2;PHARMADAROUHABIBI
142532;786176050;7;2;EASYTOURSNMERCH
142533;786175794;7;2;HARMATTANSENMERCH
108362;786175796;7;2;LAMABEACHOTELMERCH
142635;786175662;7;2;AFRIKAINNOVATIONMERCH
142636;786175685;7;2;ELYDIAMERCH
142637;786175666;7;2;SAFELOGISTICSMERCH
142638;786173850;7;1;ACHATPROMOBILE
142639;786174826;7;2;HOTELABELLETOILEMERCH
142743;786176794;7;2;POPATRAVELMERCH
142744;786175677;7;2;MELMELGROUPMERCH
142745;786175668;7;2;JEUFZONEMERCH
142746;786175689;7;2;LESFLAMBOYANTSMERCH
142747;786173940;7;2;HOTELHACIENDAMERCH
142748;786173942;7;2;CMWAGADUMERCH
142787;786176058;7;2;ITEMSARLMERCH
142788;786173945;7;1;WORLDSHOPPINGMERCH
142789;786173948;7;2;MBOWMATYAWAMERCH
142790;786176064;7;2;SEWADEMERCH
142791;786176066;7;2;AFRICAJEUNESSEMERCH
142853;786166600;7;2;NDIAYEALIOUNEMERCH
142855;786166602;7;2;ELHBABACARNIASSMERCH
142856;786176074;7;2;AGPAYTECHSENMERCH
142635;786166910;7;1;AFRIKAINNOVATIONPINT
142857;786166908;7;2;ALOMEDICMERCH
142881;786166920;7;2;LAVANDIERESMERCH
142882;786166916;7;2;HISTOIREGLEFAYDAMERCH
142883;786166918;7;2;SIAGROMERCH
142888;786166710;7;2;BEAUTYSTOREMERCH
142889;786166714;7;2;KIJANILANDMERCH
142890;786166716;7;2;DIANAMALICKMERCH
101385;786166712;7;2;HOTELOASISCLUBMERCH
142891;786166922;7;2;SHOWMEMERCH
142945;786166664;7;2;LOUHMANBAMERCH
142946;786166648;7;2;TOUBADARMANKOMERCH
143048;786166650;7;2;CATIMMERCH
101619;786166652;7;2;PHARMAFASSPAILLOTE
143049;786166610;7;2;NDEYESOKHNAMBAYEMERCH
143070;786166656;7;2;COPADEXMERCH
143071;786166654;14;2;RESTOCHEZJOE
143073;786166667;7;2;CHAINHOTELCOMPANYMER
143074;786166658;7;2;SENEWEBMERCH
143075;786176038;7;2;GRAPHICSPROMERCH
143377;786166673;7;2;PHARMADESMAMELLES
143378;786166671;7;2;CLINIQUEKASYMERCH
143422;786166675;7;2;ALLIANCERUSSEMERCH
143420;786166684;7;2;DOUWADIABYHOMERCH
143421;786166947;7;2;TAARUBYAWAMERCH
143423;786166688;7;2;YAYIBUSINESSMERCH
143530;786166690;7;2;CHEZPAPAJOEMERCH
143531;786166692;7;2;HOTELNDAARYMERCH
143532;786176430;7;2;PHARMANGUIRANENE
143533;786176834;7;2;PHARMASOKBOUSSOMERCH
143376;786166722;7;1;SHEZNOUPINMERCH
133103;786166723;7;1;DSEXPERTPINMERCH
143423;786166677;7;1;YAYIBUSINESPINMERCH
143535;786166680;7;1;NDIAYEBASIRUPINMERCH
143536;786166694;7;2;SENESUNMERCH
143537;786166993;7;2;BALIKMERCH
143538;786166696;7;2;SEVAMERCH
143539;786166681;7;1;YEEGPINMERCH
143548;776166724;7;1;MVSSENEGALPINMERCH
143554;786166979;7;2;MOUSSADIOUFMERCH
143534;786166966;7;2;CADEOMERCH
143577;786166976;7;2;AVIFRIQUEMERCH
143578;786166978;7;1;BONGIPONDIPINMERCH
143579;781666964;7;2;GABRIELAMERCH
143605;786176082;7;2;DTSMBAYETHINEMERCH
143606;786166970;14;2;RESTOMANDELLATRAITEUR
143581;786175769;7;1;HANFIAGROUPINMERCH
143726;786166736;7;1;ACISSASPINMERCH
143727;786166973;7;2;YAFATOUTMERCH
143774;786166895;7;2;DENTAIRERAMAMERCH
143775;786166893;7;2;FAADIAMERCH
143776;786177706;7;2;PHARMAMANGONE
143777;786177498;7;2;LETEMPLEDUFOOTMERCH
143778;786166803;7;2;BILALOILSARLMERCH
143779;786166805;7;2;PHARMATABARAMERCH
143780;786177496;7;2;SURFBEACHSEAMERCH
143841;786166737;7;2;YONIAFRICASAMERCH
143842;786166998;7;2;CABINETDENTAIREMERCH
143837;786177708;7;2;GRPOCEANNEFINMERCH
143863;786174196;7;2;PHARMADUCAPVERTMERCH
143864;786166740;7;1;AGCSPINMERCH
143865;786174100;7;2;ANFATRADINGCOMERCH
143602;786175776;7;1;ADJORGROUPINMERCH
143871;786174204;7;2;SERVICESDELUXMERCH
143872;786175800;7;2;PETROSENTRADINGMERCH
143896;786177718;7;2;LASUPERETTEMERCH
143897;786177720;7;2;KAYOKULOMERCH
143898;786177714;7;2;PHARMALANDINGORGUI
143938;786176738;7;2;PHARMARIESALIOUMERCH
143939;786402992;7;2;BONAVITALAFRUTEMERCH
104474;786175804;7;2;LYCEEGALANDOUDMERCH
143946;786176440;7;2;UNIONDESHORAIRESMERCH
143947;786175808;7;2;AMJENMERCH
143981;786175812;7;2;BUZZSTUDIOSMERCH
143982;786175814;14;2;RESTOKFCSENEGALMERCH
143983;786176087;7;2;EYOKOCHARLOTTEMERCH
143995;786175820;7;2;CLAIRAFRIQUEMERCH
144021;786176091;7;2;AMSHASERVICESMERCH
131528;786175844;14;2;RESTODESKSUARLMERCH
144075;786177492;7;2;PHARMANGOROASISMERCH
144076;786175848;7;2;MINAMARASASMERCH
144094;786175852;7;2;PRESTIGEPACKMERCH
144095;786175856;7;2;GRAZEINASASMERCH
144116;786177724;7;2;TATAELEONOREMERCH
144117;786177722;7;2;AMANISARLMERCH
137033;786166742;7;1;SAOUPRESTIGEPINMERCH
120758;786175860;7;2;EIFFAGESENEGALMERCH
144176;786175858;7;2;AFRONATUREMERCH
144177;786175892;7;2;COSMETIKAMERCH
144178;786176576;7;2;PHARMSRGMORDIAMBACKE
144987;786177141;7;2;PHARMASRGMBAYEABDOU
144988;786166748;7;1;BUSINESSFINPINMERCH
145067;786177480;7;2;PRIVLEGEBUSINESSMERCH
145068;786167221;7;2;HELLOPARTENAIREMERCH
145069;786177476;7;2;FINDEMESNSASUMERCH
145109;786177472;7;2;DSJSUARLMERCH
145144;786167225;7;2;MYSMILESARLMERCH
144988;786166754;7;2;BUSINESSFINANCEMERCH
145175;786167229;7;2;KWASSMERCH
145176;786167231;7;2;SOKHNATHIEMERCH
145224;786166758;7;2;ISLEGRANULATESMERCH
145225;786174978;7;2;PHARMAMESOPHIENDIAYE
145226;786174971;7;2;GENETRADINGSERVMERCH
1039;786166760;15;1;MPAYACHATPASS
1039;786166761;15;1;MPAYACHATPASS
1039;786166762;15;1;MPAYACHATPASS 
145259;786166763;14;2;NEWTACOSMERCH
145260;786167233;7;1;MNSMARKETPINMERCH
145261;786166765;7;1;REZILUXSARLPINMERCH
145262;786176969;7;2;PAPISENSARLMERCH
145297;786167241;7;2;LEDENGROUPSASUMERCH
145342;786167245;7;2;HASSANBADAOUIMERCH
145343;786167247;7;2;ESSENSENEGALMERCH
145346;786176238;7;2;PHARMNDIOLFOUTAMERCH
145396;786166788;7;2;COSEERSUARLMERCH
145316;786167243;7;2;SOGAFRICMERCH
145321;786166772;7;2;ALLSERVEMERCH
145444;786175837;7;2;CCISMERCH
1034;786166790;5;1;VODSONATELMERCH
145489;786166791;7;2;CYCLONESENEGALMERCH
145490;786166782;7;2;CAPVERTHOTELMERCH
145491;786166784;7;2;SHOPPINGHOTELMERCH
145493;781180018;13;2;RESTOWAZNIMOUNAMERCH
145494;781180001;14;2;RESTOFARHATALYMERCH
114717;786175841;7;2;ASSISTSARLMERCH
145508;771995419;7;2;LAFERMEALDIANAMERCH
145509;781995676;7;2;HAVREDEPAIXMERCH
120047;786167219;7;1;GREENTECHPINMERCH
145516;781995439;7;2;WININDUSTRIESMERCH
145517;786175914;7;2;ESNREGIOSUS
145589;781995472;7;2;PATRIASASMERCH
145590;786166799;7;1;EXPRESSTRADEPINMERCH
145597;781995478;7;2;SCORPIONAUTOPARTMERCH
145625;781995516;14;2;RESTOLAYAFOODMERCH
145626;781997486;7;2;OPTIMUSTECHNOMERCH
145627;778529251;7;2;CHOUCHKAFASHIONMERCH
145628;778529418;7;2;OMAELBEAUTYMERCH
145629;778529332;7;2;PHARMABOROMDARADJI
145630;778529376;7;2;PHARMAELMANSOUR
145651;786177410;7;2;PELICANTOURSARLMERCH
145652;786177412;14;2;RESTOCHEZFATOUKIM
145684;781997369;7;2;NATURALPRESSINGMERCH
145731;786175928;7;2;KAWTALGOLLEMERCH
145732;781997415;14;2;RESTOROMERCH
145733;781997559;7;1;SBAHOLDINGSENPINMERCH
145752;781995564;14;2;RESTOARIXINTERNMERCH
145753;778529483;14;2;RESTOSENOFFICEMERCH
145806;786167044;7;2;2TSMERCH
145807;781995599;7;2;PRESTIGEIMMOBMERCH
145808;786177416;7;2;CIEPRESTIGEIMMOMERCH
145868;781996082;7;2;PHARMATHIEYACINEMER
145869;781997572;7;1;ASKANPINMERCH
145871;786177420;7;2;SPORTGALAXYMERCH
145872;781997613;7;2;AFRIKAKIDSARLMERCH
145873;781995807;7;2;DIDACTIKAMERCH
145874;781995813;7;2;EXIMVOYAGESMERCH
145909;781995644;7;2;GIENITAMERCH
145910;781996111;7;2;GISSARLMERCH
145911;781996138;7;2;MEDIAPRINTAFRIKMERCH
145912;781995624;7;2;GHASSANEABDELALLMERCH
145913;781996127;7;1;FEEDMESARLPINMERCH
145941;778529517;7;2;STEMFMBACKEMERCH
145979;786413055;7;1;CAMPUSENFACTURIER
135561;786177422;7;2;ZELTEXSENEGALSAMERCH
109862;786490980;7;2;AMARYLLISMERCH 
146038;781995535;7;2;ORCAMERCH
146012;778529654;7;2;PHARMAELHMALICKCOURA
146065;778529677;7;2;MAADSASMERCH
146066;781995932;7;2;KIWIPAYMERCH
146067;778529866;7;2;GLOBALOGISTICMERCH
145597;781995934;7;1;SCORPIONAUTOPINMERCH
146105;781995938;7;1;MTARGETSNPINMERCH
146106;786176680;7;2;LASACMERCH
146108;786174120;7;2;ALLUREMERCH
146109;786167064;7;1;ESNREGIOSISPINMERCH
146117;781995988;7;1;CRBCSENFACTURIER
146149;781995925;7;1;BUURGROUPINMERCH
146150;781996014;7;2;DMCAMERCH
146202;781995957;7;2;ETSKEURKHADIMRASSOUL
122631;781995968;7;2;TATAINTERNATIONMERCH
146203;781996001;7;2;DUCHESGARDENMERCH
143539;786177428;7;2;YEEGSASMERCH
146285;781995762;7;2;PLUMESDUMONDEMERCH
146286;786167071;7;2;ESHOPSONATELMERCH
146302;781997640;7;2;HAPPYDEALSDAKARMERCH
102768;781997629;7;2;GARAGEMEDINABAYMERCH
146323;786177434;7;2;MABEAUTEMERCH
146324;781991993;7;2;MICHELEKAMERCH
128827;781992060;7;2;ATELIERFLEURISTEMERCH
146326;786167220;7;1;YOUSSOUFAJEANPINMERCH
146392;781997665;7;1;TOUBASOFTITPINMERCH
146393;781992021;7;2;KDEMSUARLMERCH
146394;781992013;7;2;PHARMSAINTJOSEPHMERCH
146395;786176258;7;2;LINGUERESPORTMERCH
146425;781992053;7;2;SAISDISTRIBUTIONMERCH
146426;781997725;14;2;RESTOELITECOFFEEMERCH
110156;781997645;7;1;ADIEPINMERCH
146427;781992119;7;1;WETUKPINMERCH
146469;781991658;7;1;YONEPAPIERPINMERCH
146470;786176260;7;2;PHARMABINTADIAGNE
146471;781991656;7;2;CAMUSGROUPMERCH
135622;781996605;7;2;AMSASSURANCEAPIMERCH 
146487;786176682;14;2;RESTOMAIGACATERING
146530;786174260;7;2;PHARMAMADOUNGOMERCH
146531;781991662;7;2;PAYCRUISERAFRICAMERCH
146438;781991589;7;1;TOTALINTOUCHFACTURIER
146546;781996660;7;2;TALIXMINESARLMERCH
146547;786177927;7;2;VOONOOEVENTSMERCH
146548;786177438;7;2;DISHOPMERCH
146549;781996708;7;2;ETSMAMOUDOUTOUREMERCH
147624;781996890;14;2;RESTODKCATERINGMERCH
147625;781996902;7;2;DOGTASKELEBEKMERCH
147649;786177398;7;2;ETSBELLEVIEMERCH
129775;786175936;14;2;RESTOCOMPLEXEIDEAL
125633;786177442;7;2;SENTRUSTSARLMERCH
147662;786174219;7;2;PHARMASYCHEIKHAHMED
147689;786175926;7;2;ARCENCIELPRESSMERCH
147690;781998035;7;2;LERELAISENEGALMERCH
147691;786174221;7;2;LEICAMERCH
147714;781998062;7;2;AKSELFRANCEMERCH
147715;786167109;7;2;PHARMAKAISERMERCH
147716;786167097;7;2;ICAFRICAINMERCH
147753;781997176;7;2;SOCARMERCH
147761;781991666;7;1;ADEXPINMERCH
147834;781997188;7;2;ALLCOTSENEGALMERCH
142638;PROMOBILE;18;1;PROMOBILE
127551;781991978;7;1;MAKKITYPINMERCH
147941;777412778;7;2;BABACARFAYEMERCH
147942;777412775;7;2;CULTURELEGUMEMERCH
142381;781997208;7;1;AXONEPINMERCH
147988;782987119;7;2;NDIAYEMOHAMEDMERCH
148009;777414658;7;2;SENEGOPTMERCH
148010;777415371;7;1;TRESORDAFRICPINMERCH
120192;786167080;7;2;ADAVOYAGESMERCH
142638;782987158;7;1;PROMOBILEPINMERCH
148093;777706704;7;2;DEKMANNMERCH
148094;777706824;7;2;KANGEPRESTATIONMERCH
146442;781991621;7;2;CADVMERCH
148046;777413215;7;2;ABIBOUNIANGMERCH
148110;777706960;7;2;KOMCOMCAPITALMERCH
625;777706895;7;2;RELAISKAOLACKMERCH
148111;777706930;7;2;HOTELDEPARISMERCH
148112;777706868;7;2;LEBEDIKEDOUGOUMERCH
101194;777706903;7;2;RELAISTAMBAMERCH
148113;777706833;7;2;ARCENCIELMERCH
135179;777706852;7;2;RELAISKOLDAMERCH
148114;777413324;7;2;HIBISCUSEXPLOITATION
148115;777413564;14;2;RESTOGEGAIMPEXMERCH
148116;777706319;7;2;KCIMPORTEXPORTMERCH
147881;781998528;1;1;UNIVERSALPAYPINMERCH
149408;777710302;7;2;ZALARSENEGALMERCH
148110;777418319;7;1;KOMCOMCAPITALPINMERCH
102183;777728925;7;2;HOTELHOBBEMERCH
149546;786177446;7;2;TABOUBUSINESSMERCH
149547;786174223;7;2;PHARMACHMBOWMERCH
149596;786177504;7;2;WALFADJRIMERCH
149597;777727483;7;2;ELITEIMMOMERCH
149684;781189360;7;1;CHRONICKLPINMERCH
149685;781188471;7;2;EMGMERCH
130001;781189362;7;2;NSIABANQUESNMERCH
149696;781188316;7;1;SPORTGALAXYPINMERCH
149697;777726084;7;1;PHARMASEYDINAMOUHAMED
149698;781188314;7;1;ACCESSURVEILLANCE
150011;786258262;7;1;VODSONATEL
149715;781188317;7;1;S2ISARLPINMERCH
131966;781188318;7;1;INNOVDIGITALPINMERCH
149753;777727598;7;1;AQUATECHSENFACTURIER
149754;781590903;7;2;MEDICPLUSANTEMERCH
149768;777727963;7;2;KOPAREXPRESSMERCH
149769;781591412;7;2;CLINICARDIODKRMERCH
149794;781592686;7;2;AFRICAELECTRONIQUE
149795;781592695;7;2;SALIHNATANGUEMERCH
149819;781188322;7;2;IPMAGTSMERCH
149820;781188320;7;2;LABOINOYA221MERCH
149829;781189492;7;2;GIEXARNUBIMERCH
149830;781188324;7;2;CMGPSENEGALMERCH
149852;772106728;7;1;SUNUEVENTSPINMERCH
149853;772106661;7;2;FALAMISERVICEMERCH
149854;786177386;7;2;KHADYFLEURSMERCH
149855;781189249;7;2;OUMOUGROUPMERCH
149878;781188329;7;2;GRAINDIMAGEMERCH
149927;772106922;7;2;PHARMAMBRSALYMERCH
149928;786177448;7;2;CLINICELHOMARMERCH
149929;772107445;7;2;PHARMAFAKEITAMERCH
149930;781590609;7;2;TERANGARELOCMERCH
149958;781188337;7;2;PHARMAPAPACDIAGNE
149959;781188335;7;2;GERSMERCH
149960;772109228;7;2;AXILHOTELSA
149961;781590016;7;2;CCIAKMERCH
150009;786175147;7;2;PHARMADJILASSMERCH
150052;772109649;7;2;CHAMPSDELUXEMERCH
150053;772109625;7;2;MOLECULGASDISTRIMERCH
150054;772109600;7;2;MOLECULGROUPMERCH
150055;786174070;7;2;MUSEDCIVILISATIONOIR
150056;772109589;7;2;MOUNAMERCH
150104;772110480;7;2;CLINICPETITECOTEMERCH
150105;772110547;7;2;SAKELMERCH
